Risk_group,Time,Survival,CI_lower,CI_upper
Low risk,0.0,1.0,1.0,1.0
Low risk,91.0,0.9902912621359219,0.9330837474056044,0.998626665678571
Low risk,426.0,0.9805825242718448,0.924589890852733,0.9951080808077799
Low risk,456.0,0.9611650485436891,0.8998369705894501,0.9852448751289389
Low risk,487.0,0.9514563106796119,0.8873069031691272,0.9795027331748037
Low risk,517.0,0.9417475728155339,0.8749322012142681,0.9733996952725745
Low risk,578.0,0.9320388349514561,0.8627297697969624,0.9670087031643866
Low risk,730.0,0.9029126213592236,0.8270719264171876,0.9465452951586897
Low risk,794.0,0.8932038834951457,0.8154613968941472,0.9393879118747259
Low risk,882.0,0.8834951456310676,0.8039697147701803,0.9320943524286882
Low risk,913.0,0.8737864077669901,0.792587461049735,0.9246782353794553
Low risk,943.0,0.8543689320388352,0.7701193862558278,0.9095213509335218
Low risk,974.0,0.8446601941747572,0.7590201063127555,0.9017978766974417
Low risk,1004.0,0.8349514563106792,0.7480030591856741,0.8939871240610631
Low risk,1034.0,0.8250115580212668,0.7367195750304929,0.8859462366272272
Low risk,1065.0,0.8250115580212668,0.7367195750304929,0.8859462366272272
Low risk,1095.0,0.814950441460032,0.7253416488923122,0.8777455230512269
Low risk,1126.0,0.7943187847142086,0.7021006902956674,0.8607744349061777
Low risk,1156.0,0.7838672217574425,0.6904171775473257,0.8520831061289533
Low risk,1187.0,0.7838672217574425,0.6904171775473257,0.8520831061289533
Low risk,1247.0,0.7838672217574425,0.6904171775473257,0.8520831061289533
Low risk,1308.0,0.7838672217574425,0.6904171775473257,0.8520831061289533
Low risk,1339.0,0.7838672217574425,0.6904171775473257,0.8520831061289533
Low risk,1369.0,0.7601136695829745,0.6631980223123236,0.8326084332522307
Low risk,1400.0,0.7480483732403878,0.6495329539694238,0.8225980883623285
Low risk,1430.0,0.7357852851544795,0.6357228016377452,0.8123609627497534
Low risk,1461.0,0.7357852851544795,0.6357228016377452,0.8123609627497534
Low risk,1491.0,0.7357852851544795,0.6357228016377452,0.8123609627497534
Low risk,1521.0,0.7357852851544795,0.6357228016377452,0.8123609627497534
Low risk,1552.0,0.7221596317256929,0.6200547734590668,0.8011637187866191
Low risk,1582.0,0.7221596317256929,0.6200547734590668,0.8011637187866191
Low risk,1613.0,0.7221596317256929,0.6200547734590668,0.8011637187866191
Low risk,1643.0,0.7221596317256929,0.6200547734590668,0.8011637187866191
Low risk,1704.0,0.7221596317256929,0.6200547734590668,0.8011637187866191
Low risk,1734.0,0.7064605092968733,0.6014465133368243,0.7885989135936025
Low risk,1765.0,0.6904045886310354,0.5826435501574934,0.7756229745332976
Low risk,1795.0,0.6904045886310354,0.5826435501574934,0.7756229745332976
Low risk,1825.0,0.6904045886310354,0.5826435501574934,0.7756229745332976
High risk,0.0,1.0,1.0,1.0
High risk,21.0,0.9902912621359219,0.9330837474056044,0.998626665678571
High risk,30.0,0.9514563106796119,0.8873069031691272,0.9795027331748037
High risk,60.0,0.9223300970873785,0.850693703291237,0.9603799309329781
High risk,91.0,0.8834951456310676,0.8039697147701803,0.9320943524286882
High risk,121.0,0.8446601941747572,0.7590201063127555,0.9017978766974417
High risk,152.0,0.7864077669902915,0.6939993361199499,0.8538042418997064
High risk,182.0,0.7669902912621358,0.6728398096373287,0.8372763464886392
High risk,213.0,0.6990291262135921,0.6004339263631598,0.7777581754287766
High risk,243.0,0.6893203883495145,0.590279145103467,0.7690663829859128
High risk,273.0,0.6504854368932036,0.5500870630308278,0.7338755117555236
High risk,304.0,0.611650485436893,0.5105410783877092,0.6980473087934943
High risk,334.0,0.5825242718446599,0.4812833645521994,0.6707824536015538
High risk,344.0,0.5728155339805826,0.4716051313301984,0.6616216543579658
High risk,365.0,0.5533980582524272,0.45235842419729216,0.6431933392130395
High risk,377.0,0.5436893203883497,0.4427895202902041,0.6339263544028667
High risk,395.0,0.5145631067961165,0.4142988905618201,0.6059164180431704
High risk,403.0,0.5048543689320388,0.40487379678821545,0.5965105292913024
High risk,426.0,0.4951456310679611,0.39548456983170216,0.5870701321897597
High risk,456.0,0.4854368932038834,0.386131253230037,0.5775952382839176
High risk,487.0,0.4660194174757282,0.36753272082807253,0.5585418186481783
High risk,491.0,0.4563106796116504,0.35828778912583387,0.5489631276865532
High risk,547.0,0.4271844660194174,0.3307728974189684,0.5200173259835408
High risk,578.0,0.3980582524271845,0.30359440581212044,0.4907518525216954
High risk,608.0,0.38834951456310673,0.29461155741803263,0.4809241217204695
High risk,628.0,0.37864077669902907,0.28566788026380285,0.4710593994587186
High risk,639.0,0.3689320388349514,0.27676396720464985,0.46115718541248685
High risk,700.0,0.3495145631067961,0.2590781173607743,0.4412379969994103
High risk,730.0,0.30097087378640774,0.21561395539805206,0.3907370597544827
High risk,760.0,0.2912621359223301,0.2070579870681911,0.3805092354832599
High risk,791.0,0.2815533980582524,0.1985505714519082,0.3702363082895339
High risk,821.0,0.2621359223300971,0.1816875589092493,0.3495497526897178
High risk,852.0,0.2524271844660194,0.17333543048033628,0.33913308461092156
High risk,882.0,0.24271844660194167,0.16503883001050756,0.3286652010742959
High risk,913.0,0.23300970873786409,0.15679997196050835,0.3181441590249255
High risk,943.0,0.2233009708737864,0.14862131035283008,0.3075678050530459
High risk,974.0,0.21359223300970875,0.14050557305983666,0.2969337458234897
High risk,1065.0,0.20388349514563106,0.1324558029468749,0.2862393126809415
High risk,1095.0,0.1650485436893204,0.10099139248482332,0.24279216433955725
High risk,1217.0,0.15533980582524268,0.09333231273842166,0.23174261743756971
High risk,1247.0,0.14563106796116504,0.08576782571040432,0.22060770367857446
High risk,1278.0,0.1262135922330097,0.07095408787231233,0.19805451857391695
High risk,1461.0,0.09708737864077671,0.04968151296588498,0.163378881144536
High risk,1765.0,0.08737864077669903,0.04290297758079923,0.1515442016602048
High risk,1795.0,0.07766990291262134,0.03631641789580865,0.13954152034881817
High risk,1825.0,0.07766990291262134,0.03631641789580865,0.13954152034881817
